;;;;;;;;;czwartek, 4 grudnia 2025
Plan dla toku: Informatyka S inz. 3.50 2025/2026 Zima;;;;;;;;;
Czas od;;Czas do;Liczba godzin;Grupy;Zajecia;Sala;Forma zaliczenia;Uwagi;
Data Zajec: 2025.10.01 sroda ;;;;;;;;;
;9:00;10:30;2h00m;Infor. 1st 1sem WykS ;Algorytmy i struktury danych ;S55 111 ;Egzamin;;
;10:45;12:15;2h00m;Infor. 1st 1sem WykS ;Algorytmy i struktury danych ;S55 111 ;Egzamin;;
;12:30;14:00;2h00m;Infor. 1st 1sem Cw2S ;Algorytmy i struktury danych ;S55 408 - prac. dietetyki ;Zaliczenie ocena;;
;12:30;14:00;2h00m;Infor. 1st 1sem Cw3S ;Zajecia z tutorem ;S55 504 ;Nie dotyczy;;
;14:15;15:45;2h00m;Infor. 1st 1sem Cw2S ;Zajecia z tutorem ;S55 408 - prac. dietetyki ;Nie dotyczy;;
Data Zajec: 2025.10.02 czwartek ;;;;;;;;;
;9:00;10:30;2h00m;Infor. 1st 1sem WykS ;Fizyka 1 ;S55 111 ;Zaliczenie ocena;;
;10:45;12:15;2h00m;Infor. 1st 1sem WykS ;Podstawy informatyki ;S55 111 ;Zaliczenie ocena;;
;12:30;14:00;2h00m;Infor. 1st 1sem WykS ;Podstawy informatyki ;S55 111 ;Zaliczenie ocena;;
;14:15;15:45;2h00m;Infor. 1st 1sem WykS ;Programowanie w jezyku Python 1 ;S55 111 ;Zaliczenie ocena;;
Data Zajec: 2025.10.06 poniedzialek ;;;;;;;;;
;8:00;8:45;1h00m;Infor. 1st 1sem Cw1S ;Zajecia z tutorem ;S55 111 ;Nie dotyczy;;
;9:00;10:30;2h00m;Infor. 1st 1sem Cw1S ;Programowanie w jezyku Python 1 ;S55 16 ;Zaliczenie ocena;;
;10:45;12:15;2h00m;Infor. 1st 1sem WykS ;Algorytmy i struktury danych ;S55 111 ;Egzamin;;
;12:30;14:00;2h00m;Infor. 1st 1sem WykS ;Algebra liniowa z geometria analityczna ;S55 111 ;Egzamin;;
;14:15;15:45;2h00m;Infor. 1st 1sem WykS ;Analiza matematyczna 1 ;S55 111 ;Zaliczenie ocena;;
;16:00;17:30;2h00m;Infor. 1st 1sem WykS ;Etyka inzyniera i prawo autorskie ;S55 111 ;Zaliczenie ocena;;
Data Zajec: 2025.10.07 wtorek ;;;;;;;;;
;8:10;9:45;2h00m;Infor. 1st 1sem Cw3S ;Podstawy informatyki ;S47 313 ;Zaliczenie ocena;;
;10:00;11:30;2h00m;Infor. 1st 1sem Cw3S ;Podstawy informatyki ;S47 313 ;Zaliczenie ocena;;
;10:45;12:15;2h00m;Infor. 1st 1sem Cw2S ;Kompetencje przyszlosci 1 ;S55 108 ;Zaliczenie;;
;11:35;13:55;3h00m;Infor. 1st 1sem Cw3S ;Algorytmy i struktury danych ;S47 212 - prac. matematyczna/ratownicza ;Zaliczenie ocena;;
;12:30;14:00;2h00m;Infor. 1st 1sem Cw1S ;Etyka inzyniera i prawo autorskie ;;Zaliczenie ocena;Distance learning, Zajecia odwolane;
;12:30;14:00;2h00m;Infor. 1st 1sem Cw2S ;Kompetencje przyszlosci 1 ;S55 108 ;Zaliczenie;;
;14:15;15:45;2h00m;Infor. 1st 1sem Cw2S ;Algorytmy i struktury danych ;S47 213 - prac. ratownicza ;Zaliczenie ocena;;
;16:00;17:30;2h00m;Infor. 1st 1sem Cw2S ;Algebra liniowa z geometria analityczna ;;Zaliczenie ocena;Zajecia odwolane;
Data Zajec: 2025.10.08 sroda ;;;;;;;;;
;8:00;9:45;2h00m;Infor. 1st 1sem Cw3S ;Algebra liniowa z geometria analityczna ;;Zaliczenie ocena;Distance learning;
;14:10;15:40;2h00m;Infor. 1st 1sem Cw2S ;Programowanie w jezyku Python 1 ;S55 308 ;Zaliczenie ocena;;
;16:00;17:30;2h00m;Infor. 1st 1sem Cw2S ;Fizyka 1 ;;Zaliczenie ocena;Zajecia odwolane;
;17:45;19:15;2h00m;Infor. 1st 1sem Cw2S ;Fizyka 1 ;;Zaliczenie ocena;Zajecia odwolane;
Data Zajec: 2025.10.09 czwartek ;;;;;;;;;
;9:00;12:15;4h00m;Infor. 1st 1sem WykS ;Fizyka 1 ;S55 111 ;Zaliczenie ocena;;
;12:30;14:00;2h00m;Infor. 1st 1sem Cw3S ;Analiza matematyczna 1 ;S55 502 - prac. edukacji elementarnej i sensorycznej ;Zaliczenie ocena;Zajecia przeniesione z godz. 17.45 ;
;14:15;15:45;2h00m;Infor. 1st 1sem WykS ;Programowanie w jezyku Python 1 ;S55 111 ;Zaliczenie ocena;;
;16:00;17:30;2h00m;Infor. 1st 1sem WykS ;Programowanie w jezyku Python 1 ;S55 111 ;Zaliczenie ocena;;
Data Zajec: 2025.10.13 poniedzialek ;;;;;;;;;
;9:00;11:30;3h00m;Infor. 1st 1sem Cw2S ;Podstawy informatyki ;S47 210 ;Zaliczenie ocena;;
;9:55;12:15;3h00m;Infor. 1st 1sem Cw1S ;Fizyka 1 ;S47 312 - prac. matematyczna ;Zaliczenie ocena;;
;10:45;12:15;2h00m;Infor. 1st 1sem Cw3S ;Kompetencje przyszlosci 1 ;S47 124 ;Zaliczenie;;
;11:45;13:15;2h00m;Infor. 1st 1sem Cw2S ;Programowanie w jezyku Python 1 ;S47 210 ;Zaliczenie ocena;;
;12:30;14:00;2h00m;Infor. 1st 1sem Cw3S ;Kompetencje przyszlosci 1 ;S47 124 ;Zaliczenie;;
;12:30;14:00;2h00m;Infor. 1st 1sem Cw1S ;Analiza matematyczna 1 ;S47 312 - prac. matematyczna ;Zaliczenie ocena;;
;13:30;15:00;2h00m;Infor. 1st 1sem Cw2S ;Programowanie w jezyku Python 1 ;S47 210 ;Zaliczenie ocena;;
;14:15;15:45;2h00m;Infor. 1st 1sem Cw1S ;Analiza matematyczna 1 ;S47 312 - prac. matematyczna ;Zaliczenie ocena;;
;14:15;15:45;2h00m;Infor. 1st 1sem Cw3S ;Programowanie w jezyku Python 1 ;S47 208 ;Zaliczenie ocena;;
;16:00;17:30;2h00m;Infor. 1st 1sem Cw3S ;Programowanie w jezyku Python 1 ;S47 208 ;Zaliczenie ocena;;
;16:00;17:30;2h00m;Infor. 1st 1sem Cw1S ;Etyka inzyniera i prawo autorskie ;S47 119 ;Zaliczenie ocena;;
Data Zajec: 2025.10.14 wtorek ;;;;;;;;;
;8:00;8:45;1h00m;Infor. 1st 1sem Cw1S ;Zajecia z tutorem ;S47 212 - prac. matematyczna/ratownicza ;Nie dotyczy;;
;9:00;10:30;2h00m;Infor. 1st 1sem Cw1S ;Algorytmy i struktury danych ;S47 212 - prac. matematyczna/ratownicza ;Zaliczenie ocena;;
;10:45;12:15;2h00m;Infor. 1st 1sem Cw1S ;Algorytmy i struktury danych ;S47 212 - prac. matematyczna/ratownicza ;Zaliczenie ocena;;
;10:45;12:15;2h00m;Infor. 1st 1sem Cw3S ;Etyka inzyniera i prawo autorskie ;;Zaliczenie ocena;Distance learning;
;12:30;14:00;2h00m;Infor. 1st 1sem Cw2S ;Algorytmy i struktury danych ;S47 213 - prac. ratownicza ;Zaliczenie ocena;;
;12:30;14:00;2h00m;Infor. 1st 1sem Cw1S ;Algebra liniowa z geometria analityczna ;;Zaliczenie ocena;Zajecia odwolane;
;14:15;15:45;2h00m;Infor. 1st 1sem Cw2S ;Algorytmy i struktury danych ;S47 213 - prac. ratownicza ;Zaliczenie ocena;;
;14:15;15:45;2h00m;Infor. 1st 1sem Cw1S ;Algebra liniowa z geometria analityczna ;;Zaliczenie ocena;Zajecia odwolane;
;16:00;17:30;2h00m;Infor. 1st 1sem Cw2S ;Analiza matematyczna 1 ;;Zaliczenie ocena;Zajecia odwolane;
Data Zajec: 2025.10.15 sroda ;;;;;;;;;
;16:00;17:30;2h00m;Infor. 1st 1sem Cw2S ;Fizyka 1 ;S47 109 ;Zaliczenie ocena;Zajecia odrabiane z 8.10 ;
;17:45;19:15;2h00m;Infor. 1st 1sem Cw2S ;Fizyka 1 ;S47 109 ;Zaliczenie ocena;Zajecia odrabiane z 8.10 ;
Data Zajec: 2025.10.16 czwartek ;;;;;;;;;
;9:00;10:30;2h00m;Infor. 1st 1sem WykS ;Podstawy informatyki ;;Zaliczenie ocena;Zajecia odwolane;
;10:45;12:15;2h00m;Infor. 1st 1sem WykS ;Podstawy informatyki ;;Zaliczenie ocena;Zajecia odwolane;
Data Zajec: 2025.10.17 piatek ;;;;;;;;;
;9:45;11:15;2h00m;Infor. 1st 1sem WykS ;Analiza matematyczna 1 ;;Zaliczenie ocena;Distance learning;
;11:30;13:00;2h00m;Infor. 1st 1sem WykS ;Algebra liniowa z geometria analityczna ;;Egzamin;Distance learning;
Data Zajec: 2025.10.20 poniedzialek ;;;;;;;;;
;8:10;11:20;4h00m;Infor. 1st 1sem Cw2S ;Podstawy informatyki ;S47 210 ;Zaliczenie ocena;;
;9:00;10:30;2h00m;Infor. 1st 1sem Cw1S ;Etyka inzyniera i prawo autorskie ;S55 108 ;Zaliczenie ocena;;
;10:45;12:15;2h00m;Infor. 1st 1sem Cw1S ;Etyka inzyniera i prawo autorskie ;S55 108 ;Zaliczenie ocena;;
;12:30;14:00;2h00m;Infor. 1st 1sem Cw3S ;Programowanie w jezyku Python 1 ;;Zaliczenie ocena;Zajecia odwolane;
;12:30;14:00;2h00m;Infor. 1st 1sem Cw2S ;Etyka inzyniera i prawo autorskie ;S55 108 ;Zaliczenie ocena;;
;12:30;14:50;3h00m;Infor. 1st 1sem Cw1S ;Programowanie w jezyku Python 1 ;S55 15 ;Zaliczenie ocena;;
;14:15;15:45;2h00m;Infor. 1st 1sem Cw3S ;Programowanie w jezyku Python 1 ;;Zaliczenie ocena;Zajecia odwolane;
;14:15;15:45;2h00m;Infor. 1st 1sem Cw2S ;Etyka inzyniera i prawo autorskie ;S55 108 ;Zaliczenie ocena;;
;16:00;17:30;2h00m;Infor. 1st 1sem Cw3S ;Etyka inzyniera i prawo autorskie ;S47 119 ;Zaliczenie ocena;;
;17:45;19:15;2h00m;Infor. 1st 1sem Cw3S ;Podstawy informatyki ;S47 313 ;Zaliczenie ocena;;
Data Zajec: 2025.10.21 wtorek ;;;;;;;;;
;8:10;10:30;3h00m;Infor. 1st 1sem Cw1S ;Podstawy informatyki ;S47 210 ;Zaliczenie ocena;;
;10:45;12:15;2h00m;Infor. 1st 1sem Cw1S ;Kompetencje przyszlosci 1 ;S47 124 ;Zaliczenie;;
;12:30;14:00;2h00m;Infor. 1st 1sem Cw1S ;Kompetencje przyszlosci 1 ;S47 124 ;Zaliczenie;;
;12:30;14:00;2h00m;Infor. 1st 1sem Cw2S ;Algebra liniowa z geometria analityczna ;S47 312 - prac. matematyczna ;Zaliczenie ocena;;
;14:15;15:45;2h00m;Infor. 1st 1sem Cw2S ;Algebra liniowa z geometria analityczna ;S47 312 - prac. matematyczna ;Zaliczenie ocena;;
;16:00;17:30;2h00m;Infor. 1st 1sem Cw2S ;Analiza matematyczna 1 ;S47 212 - prac. matematyczna/ratownicza ;Zaliczenie ocena;;
Data Zajec: 2025.10.22 sroda ;;;;;;;;;
;9:00;10:30;2h00m;Infor. 1st 1sem WykS ;Analiza matematyczna 1 ;;Zaliczenie ocena;Distance learning;
;14:15;15:45;2h00m;Infor. 1st 1sem Cw3S ;Algebra liniowa z geometria analityczna ;S47 312 - prac. matematyczna ;Zaliczenie ocena;;
;16:00;17:30;2h00m;Infor. 1st 1sem Cw2S ;Fizyka 1 ;S47 119 ;Zaliczenie ocena;;
;16:00;17:30;2h00m;Infor. 1st 1sem Cw3S ;Algebra liniowa z geometria analityczna ;S47 312 - prac. matematyczna ;Zaliczenie ocena;;
;17:45;19:15;2h00m;Infor. 1st 1sem Cw2S ;Fizyka 1 ;S47 119 ;Zaliczenie ocena;;
Data Zajec: 2025.10.23 czwartek ;;;;;;;;;
;9:00;10:30;2h00m;Infor. 1st 1sem Cw2S ;Programowanie w jezyku Python 1 ;S47 313 ;Zaliczenie ocena;;
;9:00;10:30;2h00m;Infor. 1st 1sem Cw1S ;Fizyka 1 ;S47 124 ;Zaliczenie ocena;;
;10:45;12:15;2h00m;Infor. 1st 1sem Cw1S ;Fizyka 1 ;S47 124 ;Zaliczenie ocena;;
;10:45;12:15;2h00m;Infor. 1st 1sem Cw2S ;Programowanie w jezyku Python 1 ;S47 313 ;Zaliczenie ocena;;
;12:35;14:55;3h00m;Infor. 1st 1sem WykS ;Podstawy informatyki ;S55 111 ;Zaliczenie ocena;;
;15:10;17:30;3h00m;Infor. 1st 1sem Cw3S ;Algorytmy i struktury danych ;S47 212 - prac. matematyczna/ratownicza ;Zaliczenie ocena;;
;17:45;19:15;2h00m;Infor. 1st 1sem Cw3S ;Analiza matematyczna 1 ;S47 312 - prac. matematyczna ;Zaliczenie ocena;;
Data Zajec: 2025.10.24 piatek ;;;;;;;;;
;9:45;11:15;2h00m;Infor. 1st 1sem WykS ;Algebra liniowa z geometria analityczna ;;Egzamin;Distance learning;
;11:30;13:00;2h00m;Infor. 1st 1sem WykS ;Algebra liniowa z geometria analityczna ;;Egzamin;Distance learning;
Data Zajec: 2025.10.27 poniedzialek ;;;;;;;;;
;9:00;12:15;4h00m;Infor. 1st 1sem Cw3S ;Fizyka 1 ;S47 212 - prac. matematyczna/ratownicza ;Zaliczenie ocena;;
;12:30;14:00;2h00m;Infor. 1st 1sem Cw3S ;Programowanie w jezyku Python 1 ;S47 208 ;Zaliczenie ocena;;
;12:30;14:00;2h00m;Infor. 1st 1sem Cw2S ;Analiza matematyczna 1 ;S47 212 - prac. matematyczna/ratownicza ;Zaliczenie ocena;;
;12:45;15:00;3h00m;Infor. 1st 1sem Cw1S ;Programowanie w jezyku Python 1 ;S47 310 - Lab. sieci/Prac. komputerowa/Cisco ;Zaliczenie ocena;;
;14:15;15:45;2h00m;Infor. 1st 1sem Cw2S ;Analiza matematyczna 1 ;S47 212 - prac. matematyczna/ratownicza ;Zaliczenie ocena;;
;14:15;15:45;2h00m;Infor. 1st 1sem Cw3S ;Programowanie w jezyku Python 1 ;S47 208 ;Zaliczenie ocena;;
;16:00;17:30;2h00m;Infor. 1st 1sem WykS ;Etyka inzyniera i prawo autorskie ;S47 118 ;Zaliczenie ocena;;
;17:45;19:15;2h00m;Infor. 1st 1sem Cw1S ;Etyka inzyniera i prawo autorskie ;S47 109 ;Zaliczenie ocena;;
Data Zajec: 2025.10.28 wtorek ;;;;;;;;;
;8:10;9:40;2h00m;Infor. 1st 1sem Cw1S ;Podstawy informatyki ;S47 210 ;Zaliczenie ocena;;
;10:00;11:30;2h00m;Infor. 1st 1sem Cw1S ;Podstawy informatyki ;S47 210 ;Zaliczenie ocena;;
;10:45;12:15;2h00m;Infor. 1st 1sem Cw2S ;Kompetencje przyszlosci 1 ;S47 212 - prac. matematyczna/ratownicza ;Zaliczenie;;
;12:30;14:00;2h00m;Infor. 1st 1sem Cw1S ;Algebra liniowa z geometria analityczna ;S47 312 - prac. matematyczna ;Zaliczenie ocena;;
;12:30;14:00;2h00m;Infor. 1st 1sem Cw2S ;Kompetencje przyszlosci 1 ;S47 212 - prac. matematyczna/ratownicza ;Zaliczenie;;
;14:15;15:45;2h00m;Infor. 1st 1sem Cw1S ;Algebra liniowa z geometria analityczna ;S47 312 - prac. matematyczna ;Zaliczenie ocena;;
;14:20;16:40;3h00m;Infor. 1st 1sem Cw2S ;Algorytmy i struktury danych ;S47 213 - prac. ratownicza ;Zaliczenie ocena;;
;16:00;19:10;4h00m;Infor. 1st 1sem Cw3S ;Algebra liniowa z geometria analityczna ;S47 312 - prac. matematyczna ;Zaliczenie ocena;;
Data Zajec: 2025.10.30 czwartek ;;;;;;;;;
;8:00;9:30;2h00m;Infor. 1st 1sem Cw2S ;Algebra liniowa z geometria analityczna ;;Zaliczenie ocena;Zajecia odrabiane z 7.10 Distance learning;
;9:35;11:05;2h00m;Infor. 1st 1sem Cw2S ;Analiza matematyczna 1 ;;Zaliczenie ocena;Zajecia odrabiane z 14.10 Distance learning;
;11:05;12:35;2h00m;Infor. 1st 1sem Cw1S ;Algebra liniowa z geometria analityczna ;;Zaliczenie ocena;Zajecia odrabiane z 14.10 Distance learning;
;12:40;14:10;2h00m;Infor. 1st 1sem Cw1S ;Algebra liniowa z geometria analityczna ;;Zaliczenie ocena;Zajecia odrabiane z 14.10 Distance learning;
Data Zajec: 2025.10.31 piatek ;;;;;;;;;
;9:45;11:15;2h00m;Infor. 1st 1sem WykS ;Analiza matematyczna 1 ;;Zaliczenie ocena;Distance learning;
;11:30;13:00;2h00m;Infor. 1st 1sem WykS ;Analiza matematyczna 1 ;;Zaliczenie ocena;Distance learning;
;13:15;14:45;2h00m;Infor. 1st 1sem WykS ;Programowanie w jezyku Python 1 ;;Zaliczenie ocena;Distance learning;
Data Zajec: 2025.11.03 poniedzialek ;;;;;;;;;
;8:55;11:15;3h00m;Infor. 1st 1sem WykS ;Fizyka 1 ;;Zaliczenie ocena;Distance learning;
;11:35;12:20;1h00m;Infor. 1st 1sem WykS ;Algorytmy i struktury danych ;;Egzamin;Distance learning;
;12:30;14:00;2h00m;Infor. 1st 1sem WykS ;Algorytmy i struktury danych ;;Egzamin;Distance learning;
;14:15;15:45;2h00m;Infor. 1st 1sem Cw2S ;Etyka inzyniera i prawo autorskie ;;Zaliczenie ocena;Distance learning;
;14:15;15:45;2h00m;Infor. 1st 1sem Cw3S ;Analiza matematyczna 1 ;;Zaliczenie ocena;Distance learning;
;16:00;18:20;3h00m;Infor. 1st 1sem WykS ;Etyka inzyniera i prawo autorskie ;;Zaliczenie ocena;Distance learning;
Data Zajec: 2025.11.04 wtorek ;;;;;;;;;
;8:10;9:40;2h00m;Infor. 1st 1sem Cw2S ;Podstawy informatyki ;S47 310 - Lab. sieci/Prac. komputerowa/Cisco ;Zaliczenie ocena;;
;9:55;11:25;2h00m;Infor. 1st 1sem Cw2S ;Podstawy informatyki ;S47 310 - Lab. sieci/Prac. komputerowa/Cisco ;Zaliczenie ocena;;
;10:45;12:15;2h00m;Infor. 1st 1sem Cw3S ;Kompetencje przyszlosci 1 ;S47 213 - prac. ratownicza ;Zaliczenie;;
;10:45;12:15;2h00m;Infor. 1st 1sem Cw1S ;Algorytmy i struktury danych ;S55 108 ;Zaliczenie ocena;;
;12:30;14:00;2h00m;Infor. 1st 1sem Cw2S ;Algebra liniowa z geometria analityczna ;S47 118 ;Zaliczenie ocena;;
;12:30;14:00;2h00m;Infor. 1st 1sem Cw1S ;Algorytmy i struktury danych ;S47 10 ;Zaliczenie ocena;;
;12:30;14:00;2h00m;Infor. 1st 1sem Cw3S ;Kompetencje przyszlosci 1 ;S47 213 - prac. ratownicza ;Zaliczenie;;
;14:15;15:45;2h00m;Infor. 1st 1sem Cw1S ;Analiza matematyczna 1 ;S47 118 ;Zaliczenie ocena;Zmiana sali ;
;16:00;17:30;2h00m;Infor. 1st 1sem Cw1S ;Analiza matematyczna 1 ;S47 118 ;Zaliczenie ocena;Zmiana sali ;
Data Zajec: 2025.11.05 sroda ;;;;;;;;;
;8:15;9:45;2h00m;Infor. 1st 1sem Cw3S ;Algebra liniowa z geometria analityczna ;;Zaliczenie ocena;Distance learning;
Data Zajec: 2025.11.06 czwartek ;;;;;;;;;
;9:00;10:30;2h00m;Infor. 1st 1sem Cw1S ;Fizyka 1 ;S47 119 ;Zaliczenie ocena;;
;10:45;12:15;2h00m;Infor. 1st 1sem Cw1S ;Fizyka 1 ;S47 119 ;Zaliczenie ocena;;
;11:30;13:00;2h00m;Infor. 1st 1sem Cw3S ;Podstawy informatyki ;S47 313 ;Zaliczenie ocena;;
;12:30;14:00;2h00m;Infor. 1st 1sem Cw1S ;Programowanie w jezyku Python 1 ;S47 208 ;Zaliczenie ocena;;
;13:15;14:45;2h00m;Infor. 1st 1sem Cw3S ;Podstawy informatyki ;S47 313 ;Zaliczenie ocena;;
;14:15;15:45;2h00m;Infor. 1st 1sem Cw1S ;Programowanie w jezyku Python 1 ;S47 208 ;Zaliczenie ocena;;
;15:10;17:30;3h00m;Infor. 1st 1sem Cw3S ;Algorytmy i struktury danych ;S47 212 - prac. matematyczna/ratownicza ;Zaliczenie ocena;;
;17:45;19:15;2h00m;Infor. 1st 1sem Cw3S ;Analiza matematyczna 1 ;S47 312 - prac. matematyczna ;Zaliczenie ocena;;
Data Zajec: 2025.11.07 piatek ;;;;;;;;;
;9:45;11:15;2h00m;Infor. 1st 1sem WykS ;Analiza matematyczna 1 ;;Zaliczenie ocena;Distance learning;
;11:30;13:00;2h00m;Infor. 1st 1sem WykS ;Analiza matematyczna 1 ;;Zaliczenie ocena;Distance learning;
Data Zajec: 2025.11.12 sroda ;;;;;;;;;
;12:30;14:00;2h00m;Infor. 1st 1sem Cw2S ;Programowanie w jezyku Python 1 ;S47 313 ;Zaliczenie ocena;;
;12:30;14:00;2h00m;Infor. 1st 1sem Cw1S ;Algorytmy i struktury danych ;S55 108 ;Zaliczenie ocena;;
;14:10;15:40;2h00m;Infor. 1st 1sem Cw2S ;Programowanie w jezyku Python 1 ;S47 313 ;Zaliczenie ocena;;
;14:15;15:45;2h00m;Infor. 1st 1sem Cw1S ;Analiza matematyczna 1 ;S47 312 - prac. matematyczna ;Zaliczenie ocena;;
;16:00;17:30;2h00m;Infor. 1st 1sem Cw2S ;Fizyka 1 ;S55 108 ;Zaliczenie ocena;;
;16:00;17:30;2h00m;Infor. 1st 1sem Cw1S ;Analiza matematyczna 1 ;S47 312 - prac. matematyczna ;Zaliczenie ocena;;
;17:45;19:15;2h00m;Infor. 1st 1sem Cw2S ;Fizyka 1 ;S55 108 ;Zaliczenie ocena;;
Data Zajec: 2025.11.13 czwartek ;;;;;;;;;
;9:00;10:30;2h00m;Infor. 1st 1sem Cw3S ;Fizyka 1 ;S47 124 ;Zaliczenie ocena;;
;10:45;12:15;2h00m;Infor. 1st 1sem Cw3S ;Fizyka 1 ;S47 124 ;Zaliczenie ocena;;
;12:35;14:55;3h00m;Infor. 1st 1sem WykS ;Podstawy informatyki ;S55 111 ;Zaliczenie ocena;3 g za 16.10 ;
;15:05;17:25;3h00m;Infor. 1st 1sem Cw3S ;Algorytmy i struktury danych ;S47 212 - prac. matematyczna/ratownicza ;Zaliczenie ocena;;
;17:45;19:15;2h00m;Infor. 1st 1sem Cw3S ;Analiza matematyczna 1 ;S47 312 - prac. matematyczna ;Zaliczenie ocena;;
Data Zajec: 2025.11.14 piatek ;;;;;;;;;
;9:45;11:15;2h00m;Infor. 1st 1sem WykS ;Algebra liniowa z geometria analityczna ;;Egzamin;Distance learning;
;11:30;13:00;2h00m;Infor. 1st 1sem WykS ;Algebra liniowa z geometria analityczna ;;Egzamin;Distance learning;
;13:15;14:45;2h00m;Infor. 1st 1sem WykS ;Algorytmy i struktury danych ;;Egzamin;Distance learning;
;15:10;16:40;2h00m;Infor. 1st 1sem WykS ;Programowanie w jezyku Python 1 ;;Zaliczenie ocena;Distance learning;
Data Zajec: 2025.11.17 poniedzialek ;;;;;;;;;
;8:10;10:30;3h00m;Infor. 1st 1sem Cw1S ;Podstawy informatyki ;S47 210 ;Zaliczenie ocena;;
;10:45;12:15;2h00m;Infor. 1st 1sem WykS ;Etyka inzyniera i prawo autorskie ;S47 118 ;Zaliczenie ocena;;
;12:30;14:00;2h00m;Infor. 1st 1sem Cw3S ;Programowanie w jezyku Python 1 ;S47 210 ;Zaliczenie ocena;;
;12:30;14:00;2h00m;Infor. 1st 1sem Cw1S ;Etyka inzyniera i prawo autorskie ;S55 108 ;Zaliczenie ocena;;
;12:30;14:00;2h00m;Infor. 1st 1sem Cw2S ;Analiza matematyczna 1 ;S47 212 - prac. matematyczna/ratownicza ;Zaliczenie ocena;;
;14:15;15:45;2h00m;Infor. 1st 1sem Cw3S ;Etyka inzyniera i prawo autorskie ;S55 108 ;Zaliczenie ocena;;
;14:15;15:45;2h00m;Infor. 1st 1sem Cw2S ;Analiza matematyczna 1 ;S47 212 - prac. matematyczna/ratownicza ;Zaliczenie ocena;;
;16:00;17:30;2h00m;Infor. 1st 1sem Cw3S ;Etyka inzyniera i prawo autorskie ;S55 108 ;Zaliczenie ocena;;
Data Zajec: 2025.11.18 wtorek ;;;;;;;;;
;9:00;10:30;2h00m;Infor. 1st 1sem Cw2S ;Algebra liniowa z geometria analityczna ;S47 312 - prac. matematyczna ;Zaliczenie ocena;Zmiana sali ;
;10:45;12:15;2h00m;Infor. 1st 1sem Cw1S ;Kompetencje przyszlosci 1 ;S47 124 ;Zaliczenie;;
;10:45;12:15;2h00m;Infor. 1st 1sem Cw2S ;Algorytmy i struktury danych ;S47 123 ;Zaliczenie ocena;;
;12:30;14:00;2h00m;Infor. 1st 1sem Cw1S ;Kompetencje przyszlosci 1 ;S47 124 ;Zaliczenie;;
;12:30;14:00;2h00m;Infor. 1st 1sem Cw2S ;Algorytmy i struktury danych ;S47 123 ;Zaliczenie ocena;;
;16:00;19:10;4h00m;Infor. 1st 1sem Cw3S ;Algebra liniowa z geometria analityczna ;S47 312 - prac. matematyczna ;Zaliczenie ocena;;
Data Zajec: 2025.11.19 sroda ;;;;;;;;;
;11:40;13:55;3h00m;Infor. 1st 1sem Cw1S ;Algorytmy i struktury danych ;S47 212 - prac. matematyczna/ratownicza ;Zaliczenie ocena;;
;14:15;15:45;2h00m;Infor. 1st 1sem Cw1S ;Algebra liniowa z geometria analityczna ;S47 312 - prac. matematyczna ;Zaliczenie ocena;;
;16:00;17:30;2h00m;Infor. 1st 1sem Cw3S ;Analiza matematyczna 1 ;S47 312 - prac. matematyczna ;Zaliczenie ocena;;
;17:45;19:15;2h00m;Infor. 1st 1sem Cw3S ;Analiza matematyczna 1 ;S47 312 - prac. matematyczna ;Zaliczenie ocena;;
Data Zajec: 2025.11.20 czwartek ;;;;;;;;;
;9:00;10:30;2h00m;Infor. 1st 1sem WykS ;Fizyka 1 ;;Zaliczenie ocena;Distance learning;
;10:45;12:15;2h00m;Infor. 1st 1sem WykS ;Fizyka 1 ;;Zaliczenie ocena;Distance learning;
;12:35;14:55;3h00m;Infor. 1st 1sem WykS ;Podstawy informatyki ;;Zaliczenie ocena;Distance learning;
;16:00;17:30;2h00m;Infor. 1st 1sem WykS ;Algorytmy i struktury danych ;;Egzamin;Distance learning;
;17:45;19:15;2h00m;Infor. 1st 1sem WykS ;Analiza matematyczna 1 ;;Zaliczenie ocena;Distance learning;
Data Zajec: 2025.11.21 piatek ;;;;;;;;;
;9:45;11:30;2h00m;Infor. 1st 1sem WykS ;Algebra liniowa z geometria analityczna ;;Egzamin;Distance learning;
;11:30;13:15;2h00m;Infor. 1st 1sem WykS ;Algebra liniowa z geometria analityczna ;;Egzamin;Distance learning, Zajecia odwolane;
;13:15;14:45;2h00m;Infor. 1st 1sem WykS ;Programowanie w jezyku Python 1 ;;Zaliczenie ocena;Distance learning;
;15:00;16:30;2h00m;Infor. 1st 1sem WykS ;Programowanie w jezyku Python 1 ;;Zaliczenie ocena;Distance learning;
Data Zajec: 2025.11.24 poniedzialek ;;;;;;;;;
;9:45;10:30;1h00m;Infor. 1st 1sem Cw1S ;Fizyka 1 ;S47 10 ;Zaliczenie ocena;;
;10:45;12:15;2h00m;Infor. 1st 1sem Cw1S ;Fizyka 1 ;S47 10 ;Zaliczenie ocena;;
;12:30;14:00;2h00m;Infor. 1st 1sem Cw3S ;Programowanie w jezyku Python 1 ;S47 208 ;Zaliczenie ocena;;
;12:30;14:50;3h00m;Infor. 1st 1sem Cw1S ;Programowanie w jezyku Python 1 ;S47 210 ;Zaliczenie ocena;;
;14:15;15:45;2h00m;Infor. 1st 1sem Cw3S ;Programowanie w jezyku Python 1 ;S47 208 ;Zaliczenie ocena;;
;16:00;17:30;2h00m;Infor. 1st 1sem Cw3S ;Analiza matematyczna 1 ;S47 312 - prac. matematyczna ;Zaliczenie ocena;;
;17:45;19:15;2h00m;Infor. 1st 1sem Cw3S ;Podstawy informatyki ;S47 313 ;Zaliczenie ocena;;
Data Zajec: 2025.11.25 wtorek ;;;;;;;;;
;8:10;10:30;3h00m;Infor. 1st 1sem Cw2S ;Podstawy informatyki ;S47 210 ;Zaliczenie ocena;;
;9:00;10:30;2h00m;Infor. 1st 1sem Cw1S ;Algebra liniowa z geometria analityczna ;S47 312 - prac. matematyczna ;Zaliczenie ocena;;
;10:45;12:15;2h00m;Infor. 1st 1sem Cw3S ;Algebra liniowa z geometria analityczna ;S47 312 - prac. matematyczna ;Zaliczenie ocena;;
;10:45;12:15;2h00m;Infor. 1st 1sem Cw2S ;Kompetencje przyszlosci 1 ;S47 212 - prac. matematyczna/ratownicza ;Zaliczenie;;
;12:30;14:00;2h00m;Infor. 1st 1sem Cw3S ;Algebra liniowa z geometria analityczna ;S47 312 - prac. matematyczna ;Zaliczenie ocena;;
;12:30;14:00;2h00m;Infor. 1st 1sem Cw2S ;Kompetencje przyszlosci 1 ;S47 212 - prac. matematyczna/ratownicza ;Zaliczenie;;
;16:00;17:30;2h00m;Infor. 1st 1sem Cw2S ;Algebra liniowa z geometria analityczna ;S47 312 - prac. matematyczna ;Zaliczenie ocena;;
Data Zajec: 2025.11.26 sroda ;;;;;;;;;
;16:00;17:30;2h00m;Infor. 1st 1sem Cw2S ;Fizyka 1 ;;Zaliczenie ocena;Zmiana trybu zajec Distance learning, Zajecia odwolane;
;17:45;19:15;2h00m;Infor. 1st 1sem Cw2S ;Fizyka 1 ;;Zaliczenie ocena;Zmiana trybu zajec Distance learning;
Data Zajec: 2025.11.27 czwartek ;;;;;;;;;
;10:45;12:15;2h00m;Infor. 1st 1sem Cw3S ;Fizyka 1 ;S47 212 - prac. matematyczna/ratownicza ;Zaliczenie ocena;;
;12:30;14:50;3h00m;Infor. 1st 1sem Cw3S ;Podstawy informatyki ;S47 313 ;Zaliczenie ocena;;
;15:05;17:25;3h00m;Infor. 1st 1sem Cw3S ;Algorytmy i struktury danych ;S47 212 - prac. matematyczna/ratownicza ;Zaliczenie ocena;;
;17:45;19:15;2h00m;Infor. 1st 1sem Cw3S ;Analiza matematyczna 1 ;S47 312 - prac. matematyczna ;Zaliczenie ocena;;
Data Zajec: 2025.11.28 piatek ;;;;;;;;;
;9:45;11:15;2h00m;Infor. 1st 1sem WykS ;Algebra liniowa z geometria analityczna ;;Egzamin;Distance learning;
;11:30;13:00;2h00m;Infor. 1st 1sem WykS ;Algebra liniowa z geometria analityczna ;;Egzamin;Distance learning;
;15:00;16:30;2h00m;Infor. 1st 1sem WykS ;Algorytmy i struktury danych ;;Egzamin;Distance learning;
Data Zajec: 2025.12.01 poniedzialek ;;;;;;;;;
;8:15;11:20;4h00m;Infor. 1st 1sem Cw1S ;Podstawy informatyki ;S47 210 ;Zaliczenie ocena;;
;10:45;12:15;2h00m;Infor. 1st 1sem Cw3S ;Etyka inzyniera i prawo autorskie ;S47 120 ;Zaliczenie ocena;;
;12:30;14:00;2h00m;Infor. 1st 1sem Cw1S ;Analiza matematyczna 1 ;S47 312 - prac. matematyczna ;Zaliczenie ocena;;
;12:30;14:00;2h00m;Infor. 1st 1sem Cw2S ;Etyka inzyniera i prawo autorskie ;S47 119 ;Zaliczenie ocena;;
;12:30;14:00;2h00m;Infor. 1st 1sem Cw3S ;Kompetencje przyszlosci 1 ;S47 116 ;Zaliczenie;;
;14:15;15:45;2h00m;Infor. 1st 1sem Cw2S ;Etyka inzyniera i prawo autorskie ;S47 119 ;Zaliczenie ocena;;
;14:15;15:45;2h00m;Infor. 1st 1sem Cw3S ;Kompetencje przyszlosci 1 ;S47 116 ;Zaliczenie;;
;14:15;15:45;2h00m;Infor. 1st 1sem Cw1S ;Analiza matematyczna 1 ;S47 312 - prac. matematyczna ;Zaliczenie ocena;;
;16:00;17:30;2h00m;Infor. 1st 1sem Cw2S ;Algebra liniowa z geometria analityczna ;S47 312 - prac. matematyczna ;Zaliczenie ocena;Zmiana sali ;
Data Zajec: 2025.12.02 wtorek ;;;;;;;;;
;9:00;10:30;2h00m;Infor. 1st 1sem Cw2S ;Podstawy informatyki ;S47 210 ;Zaliczenie ocena;;
;10:45;12:15;2h00m;Infor. 1st 1sem WykS ;Podstawy informatyki ;S55 111 ;Zaliczenie ocena;;
;12:30;14:00;2h00m;Infor. 1st 1sem WykS ;Podstawy informatyki ;S55 111 ;Zaliczenie ocena;Zajecia przeniesione z 19.12 ;
;12:30;14:00;2h00m;Infor. 1st 1sem WykS ;Etyka inzyniera i prawo autorskie ;;Zaliczenie ocena;Zajecia odwolane;
;14:15;15:45;2h00m;Infor. 1st 1sem Cw1S ;Algebra liniowa z geometria analityczna ;S47 312 - prac. matematyczna ;Zaliczenie ocena;;
;16:00;17:30;2h00m;Infor. 1st 1sem Cw1S ;Algebra liniowa z geometria analityczna ;S47 312 - prac. matematyczna ;Zaliczenie ocena;;
Data Zajec: 2025.12.03 sroda ;;;;;;;;;
;11:40;14:00;3h00m;Infor. 1st 1sem Cw2S ;Algorytmy i struktury danych ;S55 502 - prac. edukacji elementarnej i sensorycznej ;Zaliczenie ocena;;
;14:15;15:45;2h00m;Infor. 1st 1sem Cw2S ;Analiza matematyczna 1 ;S47 212 - prac. matematyczna/ratownicza ;Zaliczenie ocena;;
;16:00;17:30;2h00m;Infor. 1st 1sem Cw2S ;Analiza matematyczna 1 ;S47 212 - prac. matematyczna/ratownicza ;Zaliczenie ocena;;
Data Zajec: 2025.12.04 czwartek ;;;;;;;;;
;9:45;10:30;1h00m;Infor. 1st 1sem WykS ;Fizyka 1 ;S47 8 ;Zaliczenie ocena;;
;10:45;12:15;2h00m;Infor. 1st 1sem WykS ;Fizyka 1 ;S47 8 ;Zaliczenie ocena;;
;12:30;13:15;1h00m;Infor. 1st 1sem Cw3S ;Podstawy informatyki ;S47 313 ;Zaliczenie ocena;;
;13:30;15:00;2h00m;Infor. 1st 1sem Cw3S ;Podstawy informatyki ;S47 313 ;Zaliczenie ocena;;
;15:10;17:30;3h00m;Infor. 1st 1sem Cw3S ;Algorytmy i struktury danych ;S47 212 - prac. matematyczna/ratownicza ;Zaliczenie ocena;;
;17:45;19:15;2h00m;Infor. 1st 1sem Cw3S ;Analiza matematyczna 1 ;S47 312 - prac. matematyczna ;Zaliczenie ocena;;
Data Zajec: 2025.12.05 piatek ;;;;;;;;;
;9:45;10:30;1h00m;Infor. 1st 1sem WykS ;Analiza matematyczna 1 ;;Zaliczenie ocena;Wyklad skrócony  Distance learning;
;10:45;12:15;2h00m;Infor. 1st 1sem WykS ;Analiza matematyczna 1 ;;Zaliczenie ocena;Distance learning;
;12:30;14:00;2h00m;Infor. 1st 1sem WykS ;Algorytmy i struktury danych ;;Egzamin;Distance learning;
;17:00;17:45;1h00m;Infor. 1st 1sem WykS ;Kolokwium nr 1: Algebra liniowa z geometria analityczna;S55 27-AULA ;;Egzamin;
Data Zajec: 2025.12.08 poniedzialek ;;;;;;;;;
;9:00;11:20;3h00m;Infor. 1st 1sem Cw2S ;Podstawy informatyki ;S47 210 ;Zaliczenie ocena;;
;9:45;10:30;1h00m;Infor. 1st 1sem Cw1S ;Fizyka 1 ;S55 408 - prac. dietetyki ;Zaliczenie ocena;;
;10:45;12:15;2h00m;Infor. 1st 1sem Cw1S ;Fizyka 1 ;S55 408 - prac. dietetyki ;Zaliczenie ocena;;
;12:30;14:00;2h00m;Infor. 1st 1sem Cw2S ;Algebra liniowa z geometria analityczna ;S47 212 - prac. matematyczna/ratownicza ;Zaliczenie ocena;;
;12:30;14:00;2h00m;Infor. 1st 1sem Cw1S ;Algorytmy i struktury danych ;S47 213 - prac. ratownicza ;Zaliczenie ocena;;
;14:15;15:45;2h00m;Infor. 1st 1sem Cw2S ;Algebra liniowa z geometria analityczna ;S47 212 - prac. matematyczna/ratownicza ;Zaliczenie ocena;;
;14:15;15:45;2h00m;Infor. 1st 1sem Cw1S ;Algorytmy i struktury danych ;S47 213 - prac. ratownicza ;Zaliczenie ocena;;
;16:00;17:30;2h00m;Infor. 1st 1sem Cw1S ;Etyka inzyniera i prawo autorskie ;S47 119 ;Zaliczenie ocena;;
;17:45;19:15;2h00m;Infor. 1st 1sem Cw1S ;Etyka inzyniera i prawo autorskie ;S47 119 ;Zaliczenie ocena;Zajecia odrabiane z 7.10 ;
Data Zajec: 2025.12.09 wtorek ;;;;;;;;;
;8:10;10:30;3h00m;Infor. 1st 1sem Cw1S ;Podstawy informatyki ;S47 208 ;Zaliczenie ocena;;
;9:00;10:30;2h00m;Infor. 1st 1sem Cw2S ;Analiza matematyczna 1 ;S47 312 - prac. matematyczna ;Zaliczenie ocena;Zmiana sali ;
;10:45;12:15;2h00m;Infor. 1st 1sem Cw1S ;Kompetencje przyszlosci 1 ;S47 124 ;Zaliczenie;;
;10:45;12:15;2h00m;Infor. 1st 1sem Cw2S ;Analiza matematyczna 1 ;S47 312 - prac. matematyczna ;Zaliczenie ocena;Zmiana sali ;
;12:30;14:00;2h00m;Infor. 1st 1sem Cw1S ;Kompetencje przyszlosci 1 ;S47 124 ;Zaliczenie;;
;12:30;14:50;3h00m;Infor. 1st 1sem Cw2S ;Algorytmy i struktury danych ;S47 213 - prac. ratownicza ;Zaliczenie ocena;;
;16:00;19:10;4h00m;Infor. 1st 1sem Cw3S ;Algebra liniowa z geometria analityczna ;S47 312 - prac. matematyczna ;Zaliczenie ocena;;
Data Zajec: 2025.12.10 sroda ;;;;;;;;;
;10:45;12:15;2h00m;Infor. 1st 1sem Cw1S ;Programowanie w jezyku Python 1 ;S47 310 - Lab. sieci/Prac. komputerowa/Cisco ;Zaliczenie ocena;;
;12:30;14:00;2h00m;Infor. 1st 1sem Cw1S ;Programowanie w jezyku Python 1 ;S47 310 - Lab. sieci/Prac. komputerowa/Cisco ;Zaliczenie ocena;;
;14:15;15:45;2h00m;Infor. 1st 1sem Cw2S ;Programowanie w jezyku Python 1 ;S55 308 ;Zaliczenie ocena;;
;14:15;15:45;2h00m;Infor. 1st 1sem Cw1S ;Algebra liniowa z geometria analityczna ;S47 312 - prac. matematyczna ;Zaliczenie ocena;;
;16:00;17:30;2h00m;Infor. 1st 1sem Cw1S ;Algebra liniowa z geometria analityczna ;S47 312 - prac. matematyczna ;Zaliczenie ocena;;
;16:00;17:30;2h00m;Infor. 1st 1sem Cw2S ;Fizyka 1 ;S55 108 ;Zaliczenie ocena;;
;17:45;19:15;2h00m;Infor. 1st 1sem Cw2S ;Fizyka 1 ;S55 108 ;Zaliczenie ocena;;
Data Zajec: 2025.12.11 czwartek ;;;;;;;;;
;9:00;10:30;2h00m;Infor. 1st 1sem Cw3S ;Fizyka 1 ;S47 124 ;Zaliczenie ocena;;
;10:45;12:15;2h00m;Infor. 1st 1sem Cw3S ;Fizyka 1 ;S47 124 ;Zaliczenie ocena;;
Data Zajec: 2025.12.12 piatek ;;;;;;;;;
;9:45;11:15;2h00m;Infor. 1st 1sem WykS ;Algebra liniowa z geometria analityczna ;;Egzamin;Distance learning;
;11:30;13:00;2h00m;Infor. 1st 1sem WykS ;Algebra liniowa z geometria analityczna ;;Egzamin;Distance learning;
;13:15;14:45;2h00m;Infor. 1st 1sem WykS ;Programowanie w jezyku Python 1 ;;Zaliczenie ocena;Distance learning;
;14:55;16:25;2h00m;Infor. 1st 1sem WykS ;Programowanie w jezyku Python 1 ;;Zaliczenie ocena;Distance learning;
;16:30;18:45;3h00m;Infor. 1st 1sem Zaj. Uzup.S ;Matematyka (zajecia uzupelniajace) ;;Nie dotyczy;Distance learning;
Data Zajec: 2025.12.15 poniedzialek ;;;;;;;;;
;9:00;10:30;2h00m;Infor. 1st 1sem WykS ;Fizyka 1 ;S47 8 ;Zaliczenie ocena;;
;10:40;12:10;2h00m;Infor. 1st 1sem WykS ;Fizyka 1 ;S47 8 ;Zaliczenie ocena;;
;12:30;14:00;2h00m;Infor. 1st 1sem Cw3S ;Analiza matematyczna 1 ;S47 312 - prac. matematyczna ;Zaliczenie ocena;;
;12:30;14:50;3h00m;Infor. 1st 1sem Cw1S ;Programowanie w jezyku Python 1 ;S47 210 ;Zaliczenie ocena;;
;14:15;15:45;2h00m;Infor. 1st 1sem Cw3S ;Programowanie w jezyku Python 1 ;S47 208 ;Zaliczenie ocena;;
;16:00;17:30;2h00m;Infor. 1st 1sem Cw3S ;Etyka inzyniera i prawo autorskie ;S47 119 ;Zaliczenie ocena;;
Data Zajec: 2025.12.16 wtorek ;;;;;;;;;
;8:10;10:30;3h00m;Infor. 1st 1sem WykS ;Etyka inzyniera i prawo autorskie ;;Zaliczenie ocena;Distance learning;
;10:45;12:15;2h00m;Infor. 1st 1sem Cw2S ;Etyka inzyniera i prawo autorskie ;;Zaliczenie ocena;Distance learning;
;13:15;15:45;3h00m;Infor. 1st 1sem Cw1S ;Algorytmy i struktury danych ;S47 213 - prac. ratownicza ;Zaliczenie ocena;;
;16:00;17:30;2h00m;Infor. 1st 1sem Cw1S ;Analiza matematyczna 1 ;S47 312 - prac. matematyczna ;Zaliczenie ocena;;
;18:00;18:45;1h00m;Infor. 1st 1sem WykS ;Kolokwium: Analiza matematyczna 1 – I termin;S55 27-AULA ;;Egzamin;
Data Zajec: 2025.12.17 sroda ;;;;;;;;;
;8:10;9:40;2h00m;Infor. 1st 1sem Cw2S ;Algebra liniowa z geometria analityczna ;;Zaliczenie ocena;Distance learning;
Data Zajec: 2025.12.18 czwartek ;;;;;;;;;
;9:00;10:30;2h00m;Infor. 1st 1sem Cw3S ;Fizyka 1 ;S47 212 - prac. matematyczna/ratownicza ;Zaliczenie ocena;;
;10:45;12:15;2h00m;Infor. 1st 1sem Cw3S ;Fizyka 1 ;S47 212 - prac. matematyczna/ratownicza ;Zaliczenie ocena;;
Data Zajec: 2025.12.19 piatek ;;;;;;;;;
;9:30;11:00;2h00m;Infor. 1st 1sem WykS ;Analiza matematyczna 1 ;;Zaliczenie ocena;Distance learning;
;11:30;13:50;3h00m;Infor. 1st 1sem WykS ;Algorytmy i struktury danych ;;Egzamin;Distance learning;
;14:15;15:45;2h00m;Infor. 1st 1sem WykS ;Podstawy informatyki ;;Zaliczenie ocena;Distance learning, Zajecia odwolane;
Data Zajec: 2026.01.07 sroda ;;;;;;;;;
;13:10;15:30;3h00m;Infor. 1st 1sem Cw2S ;Programowanie w jezyku Python 1 ;S47 216 ;Zaliczenie ocena;;
;16:00;17:30;2h00m;Infor. 1st 1sem Cw2S ;Fizyka 1 ;S47 119 ;Zaliczenie ocena;;
;17:45;19:15;2h00m;Infor. 1st 1sem Cw2S ;Fizyka 1 ;S47 119 ;Zaliczenie ocena;;
Data Zajec: 2026.01.08 czwartek ;;;;;;;;;
;9:00;10:30;2h00m;Infor. 1st 1sem Cw1S ;Fizyka 1 ;S55 408 - prac. dietetyki ;Zaliczenie ocena;;
;10:45;12:15;2h00m;Infor. 1st 1sem Cw1S ;Fizyka 1 ;S55 408 - prac. dietetyki ;Zaliczenie ocena;;
;11:30;13:00;2h00m;Infor. 1st 1sem Cw3S ;Podstawy informatyki ;S47 210 ;Zaliczenie ocena;;
;13:15;14:45;2h00m;Infor. 1st 1sem Cw3S ;Podstawy informatyki ;S47 210 ;Zaliczenie ocena;;
;15:10;17:30;3h00m;Infor. 1st 1sem Cw3S ;Algorytmy i struktury danych ;S47 212 - prac. matematyczna/ratownicza ;Zaliczenie ocena;;
;17:45;19:15;2h00m;Infor. 1st 1sem Cw3S ;Analiza matematyczna 1 ;S47 312 - prac. matematyczna ;Zaliczenie ocena;;
Data Zajec: 2026.01.09 piatek ;;;;;;;;;
;9:45;11:30;2h00m;Infor. 1st 1sem WykS ;Algebra liniowa z geometria analityczna ;;Egzamin;Distance learning;
;12:30;14:00;2h00m;Infor. 1st 1sem WykS ;Podstawy informatyki ;;Zaliczenie ocena;Distance learning;
;14:15;15:45;2h00m;Infor. 1st 1sem WykS ;Podstawy informatyki ;;Zaliczenie ocena;Distance learning;
Data Zajec: 2026.01.12 poniedzialek ;;;;;;;;;
;9:00;12:15;4h00m;Infor. 1st 1sem Cw3S ;Fizyka 1 ;S47 212 - prac. matematyczna/ratownicza ;Zaliczenie ocena;;
;9:10;11:30;3h00m;Infor. 1st 1sem Cw1S ;Podstawy informatyki ;S47 313 ;Zaliczenie ocena;;
;9:55;12:15;3h00m;Infor. 1st 1sem Cw2S ;Algorytmy i struktury danych ;S47 213 - prac. ratownicza ;Zaliczenie ocena;;
;12:30;14:00;2h00m;Infor. 1st 1sem WykS ;Etyka inzyniera i prawo autorskie ;S55 111 ;Zaliczenie ocena;;
;14:15;15:45;2h00m;Infor. 1st 1sem Cw2S ;Etyka inzyniera i prawo autorskie ;S55 108 ;Zaliczenie ocena;;
;14:15;15:45;2h00m;Infor. 1st 1sem Cw1S ;Analiza matematyczna 1 ;S47 312 - prac. matematyczna ;Zaliczenie ocena;;
;14:15;15:45;2h00m;Infor. 1st 1sem Cw3S ;Programowanie w jezyku Python 1 ;S47 208 ;Zaliczenie ocena;;
;16:00;17:30;2h00m;Infor. 1st 1sem Cw3S ;Etyka inzyniera i prawo autorskie ;S47 120 ;Zaliczenie ocena;;
;16:00;17:30;2h00m;Infor. 1st 1sem Cw1S ;Analiza matematyczna 1 ;S47 312 - prac. matematyczna ;Zaliczenie ocena;;
Data Zajec: 2026.01.13 wtorek ;;;;;;;;;
;8:10;10:30;3h00m;Infor. 1st 1sem Cw2S ;Podstawy informatyki ;S47 210 ;Zaliczenie ocena;;
;9:00;10:30;2h00m;Infor. 1st 1sem Cw1S ;Algebra liniowa z geometria analityczna ;S47 312 - prac. matematyczna ;Zaliczenie ocena;;
;10:45;12:15;2h00m;Infor. 1st 1sem Cw2S ;Kompetencje przyszlosci 1 ;;Zaliczenie;;
;10:45;12:15;2h00m;Infor. 1st 1sem Cw1S ;Algebra liniowa z geometria analityczna ;S47 312 - prac. matematyczna ;Zaliczenie ocena;;
;12:30;14:00;2h00m;Infor. 1st 1sem Cw2S ;Kompetencje przyszlosci 1 ;S55 408 - prac. dietetyki ;Zaliczenie;;
;16:00;19:15;4h00m;Infor. 1st 1sem Cw3S ;Algebra liniowa z geometria analityczna ;S47 312 - prac. matematyczna ;Zaliczenie ocena;;
Data Zajec: 2026.01.14 sroda ;;;;;;;;;
;8:10;9:40;2h00m;Infor. 1st 1sem Cw2S ;Analiza matematyczna 1 ;;Zaliczenie ocena;Distance learning;
;14:15;15:45;2h00m;Infor. 1st 1sem Cw2S ;Algebra liniowa z geometria analityczna ;S47 212 - prac. matematyczna/ratownicza ;Zaliczenie ocena;;
;16:00;17:30;2h00m;Infor. 1st 1sem Cw2S ;Algebra liniowa z geometria analityczna ;S47 212 - prac. matematyczna/ratownicza ;Zaliczenie ocena;;
Data Zajec: 2026.01.15 czwartek ;;;;;;;;;
;10:45;12:15;2h00m;Infor. 1st 1sem Cw3S ;Fizyka 1 ;S47 212 - prac. matematyczna/ratownicza ;Zaliczenie ocena;;
;12:30;14:00;2h00m;Infor. 1st 1sem Cw1S ;Programowanie w jezyku Python 1 ;S55 16 ;Zaliczenie ocena;;
;14:15;15:45;2h00m;Infor. 1st 1sem WykS ;Programowanie w jezyku Python 1 ;S55 111 ;Zaliczenie ocena;;
;16:00;17:30;2h00m;Infor. 1st 1sem WykS ;Programowanie w jezyku Python 1 ;S55 111 ;Zaliczenie ocena;;
;17:45;19:15;2h00m;Infor. 1st 1sem Cw3S ;Analiza matematyczna 1 ;S47 312 - prac. matematyczna ;Zaliczenie ocena;;
Data Zajec: 2026.01.16 piatek ;;;;;;;;;
;9:45;13:00;4h00m;Infor. 1st 1sem WykS ;Analiza matematyczna 1 ;;Zaliczenie ocena;Distance learning;
;13:15;14:45;2h00m;Infor. 1st 1sem WykS ;Algorytmy i struktury danych ;;Egzamin;Distance learning;
;15:10;16:40;2h00m;Infor. 1st 1sem WykS ;Fizyka 1 ;;Zaliczenie ocena;Distance learning;
Data Zajec: 2026.01.19 poniedzialek ;;;;;;;;;
;9:00;10:30;2h00m;Infor. 1st 1sem Cw3S ;Podstawy informatyki ;S47 313 ;Zaliczenie ocena;;
;9:55;12:15;3h00m;Infor. 1st 1sem Cw1S ;Fizyka 1 ;S47 312 - prac. matematyczna ;Zaliczenie ocena;;
;10:45;12:15;2h00m;Infor. 1st 1sem Cw3S ;Kompetencje przyszlosci 1 ;S47 119 ;Zaliczenie;;
;12:30;14:00;2h00m;Infor. 1st 1sem Cw1S ;Analiza matematyczna 1 ;S47 312 - prac. matematyczna ;Zaliczenie ocena;;
;12:30;14:00;2h00m;Infor. 1st 1sem Cw3S ;Kompetencje przyszlosci 1 ;S47 119 ;Zaliczenie;;
;12:45;15:05;3h00m;Infor. 1st 1sem Cw2S ;Programowanie w jezyku Python 1 ;S47 208 ;Zaliczenie ocena;;
;14:15;15:45;2h00m;Infor. 1st 1sem Cw3S ;Programowanie w jezyku Python 1 ;S47 210 ;Zaliczenie ocena;Zajecia odrabiane z 20.10 ;
;14:15;15:45;2h00m;Infor. 1st 1sem Cw1S ;Analiza matematyczna 1 ;S47 312 - prac. matematyczna ;Zaliczenie ocena;;
;16:00;17:30;2h00m;Infor. 1st 1sem Cw2S ;Analiza matematyczna 1 ;S47 212 - prac. matematyczna/ratownicza ;Zaliczenie ocena;;
;16:00;17:30;2h00m;Infor. 1st 1sem Cw1S ;Etyka inzyniera i prawo autorskie ;S47 119 ;Zaliczenie ocena;;
;16:00;17:30;2h00m;Infor. 1st 1sem Cw3S ;Programowanie w jezyku Python 1 ;S47 210 ;Zaliczenie ocena;Zajecia odrabiane z 20.10 ;
;17:45;19:15;2h00m;Infor. 1st 1sem Cw2S ;Podstawy informatyki ;S47 210 ;Zaliczenie ocena;;
Data Zajec: 2026.01.20 wtorek ;;;;;;;;;
;9:00;10:30;2h00m;Infor. 1st 1sem Cw2S ;Etyka inzyniera i prawo autorskie ;;Zaliczenie ocena;Distance learning;
;10:45;12:15;2h00m;Infor. 1st 1sem Cw1S ;Kompetencje przyszlosci 1 ;S47 10 ;Zaliczenie;;
;12:30;14:00;2h00m;Infor. 1st 1sem Cw1S ;Kompetencje przyszlosci 1 ;S47 10 ;Zaliczenie;;
;14:15;15:45;2h00m;Infor. 1st 1sem Cw1S ;Algebra liniowa z geometria analityczna ;S47 312 - prac. matematyczna ;Zaliczenie ocena;;
;16:00;17:30;2h00m;Infor. 1st 1sem Cw1S ;Algebra liniowa z geometria analityczna ;S47 312 - prac. matematyczna ;Zaliczenie ocena;;
Data Zajec: 2026.01.22 czwartek ;;;;;;;;;
;9:00;10:30;2h00m;Infor. 1st 1sem Cw1S ;Podstawy informatyki ;S47 210 ;Zaliczenie ocena;;
;10:45;12:15;2h00m;Infor. 1st 1sem Cw1S ;Podstawy informatyki ;S47 210 ;Zaliczenie ocena;;
;15:05;17:25;3h00m;Infor. 1st 1sem Cw3S ;Algorytmy i struktury danych ;S47 212 - prac. matematyczna/ratownicza ;Zaliczenie ocena;;
;17:45;19:15;2h00m;Infor. 1st 1sem Cw3S ;Analiza matematyczna 1 ;S47 312 - prac. matematyczna ;Zaliczenie ocena;;
Data Zajec: 2026.01.23 piatek ;;;;;;;;;
;9:45;11:30;2h00m;Infor. 1st 1sem WykS ;Algebra liniowa z geometria analityczna ;;Egzamin;Distance learning;
Data Zajec: 2026.01.26 poniedzialek ;;;;;;;;;
;9:00;10:30;2h00m;Infor. 1st 1sem Cw2S ;Programowanie w jezyku Python 1 ;S47 208 ;Zaliczenie ocena;;
;10:45;12:15;2h00m;Infor. 1st 1sem WykS ;Fizyka 1 ;S55 111 ;Zaliczenie ocena;;
;12:30;14:00;2h00m;Infor. 1st 1sem WykS ;Programowanie w jezyku Python 1 ;S55 111 ;Zaliczenie ocena;;
;14:15;15:45;2h00m;Infor. 1st 1sem Cw2S ;Analiza matematyczna 1 ;S47 212 - prac. matematyczna/ratownicza ;Zaliczenie ocena;;
;14:15;15:45;2h00m;Infor. 1st 1sem Cw3S ;Programowanie w jezyku Python 1 ;S47 208 ;Zaliczenie ocena;;
;16:00;17:30;2h00m;Infor. 1st 1sem Cw2S ;Analiza matematyczna 1 ;S47 212 - prac. matematyczna/ratownicza ;Zaliczenie ocena;;
;16:00;17:30;2h00m;Infor. 1st 1sem Cw3S ;Etyka inzyniera i prawo autorskie ;S47 14 ! ;Zaliczenie ocena;Zmiana sali ;
Data Zajec: 2026.01.27 wtorek ;;;;;;;;;
;9:00;10:30;2h00m;Infor. 1st 1sem Cw1S ;Algorytmy i struktury danych ;S47 213 - prac. ratownicza ;Zaliczenie ocena;;
;10:45;12:15;2h00m;Infor. 1st 1sem Cw1S ;Algorytmy i struktury danych ;S47 213 - prac. ratownicza ;Zaliczenie ocena;;
;12:30;14:00;2h00m;Infor. 1st 1sem Cw1S ;Analiza matematyczna 1 ;S47 312 - prac. matematyczna ;Zaliczenie ocena;;
;14:15;15:45;2h00m;Infor. 1st 1sem Cw2S ;Algebra liniowa z geometria analityczna ;S47 212 - prac. matematyczna/ratownicza ;Zaliczenie ocena;;
;16:00;17:30;2h00m;Infor. 1st 1sem Cw2S ;Algebra liniowa z geometria analityczna ;S47 212 - prac. matematyczna/ratownicza ;Zaliczenie ocena;;
;17:45;19:15;2h00m;Infor. 1st 1sem Cw2S ;Fizyka 1 ;S47 213 - prac. ratownicza ;Zaliczenie ocena;Zajecia odrabiane z 26.11 ;
Data Zajec: 2026.01.28 sroda ;;;;;;;;;
;12:30;14:00;2h00m;Infor. 1st 1sem WykS ;Algorytmy i struktury danych ;S55 111 ;Egzamin;;
;14:15;15:45;2h00m;Infor. 1st 1sem WykS ;Analiza matematyczna 1 ;S55 111 ;Zaliczenie ocena;;
;16:00;17:30;2h00m;Infor. 1st 1sem WykS ;Podstawy informatyki ;S55 111 ;Zaliczenie ocena;;
;17:45;18:30;1h00m;Infor. 1st 1sem WykS ;Podstawy informatyki ;S55 111 ;Zaliczenie ocena;1 g za 16.10 ;
Data Zajec: 2026.02.03 wtorek ;;;;;;;;;
;9:30;18:30;12h00m;Infor. 1st 1sem WykS ;Egzamin: Algorytmy i struktury danych;S47 119 ;;Egzamin;
Data Zajec: 2026.02.04 sroda ;;;;;;;;;
;9:30;18:30;12h00m;Infor. 1st 1sem WykS ;Egzamin: Algorytmy i struktury danych;S47 119 ;;Egzamin;
Data Zajec: 2026.02.05 czwartek ;;;;;;;;;
;9:30;18:30;12h00m;Infor. 1st 1sem WykS ;Egzamin: Algorytmy i struktury danych;S47 119 ;;Egzamin;
Data Zajec: 2026.02.06 piatek ;;;;;;;;;
;9:30;18:30;12h00m;Infor. 1st 1sem WykS ;Egzamin: Algorytmy i struktury danych;S47 119 ;;Egzamin;
